x	y	key	showSelected1	showSelected2
10	82.2916666666667	1	random	profileSize/3
10	93.859649122807	1	random	sequenceID/1
10	96.6666666666667	1	random	sequenceID/4
